<?xml version="1.0" encoding="UTF-8"?>
<project-private xmlns="http://www.netbeans.org/ns/project-private/1">
    <editor-bookmarks xmlns="http://www.netbeans.org/ns/editor-bookmarks/2" lastBookmarkId="0"/>
    <open-files xmlns="http://www.netbeans.org/ns/projectui-open-files/2">
        <group>
            <file>file:/D:/Pereal/PRJ301_PE_FA23_104903/PaperNo_4/All/given/given/Q2_HE176595/web/MyExam.jsp</file>
            <file>file:/D:/Pereal/PRJ301_PE_FA23_104903/PaperNo_4/All/given/given/Q2_HE176595/src/java/controller/add.java</file>
            <file>file:/D:/Pereal/PRJ301_PE_FA23_104903/PaperNo_4/All/given/given/Q2_HE176595/web/WEB-INF/web.xml</file>
            <file>file:/D:/Pereal/PRJ301_PE_FA23_104903/PaperNo_4/All/given/given/Q2_HE176595/src/java/model/form.java</file>
        </group>
    </open-files>
</project-private>
