<?xml version="1.0" encoding="UTF-8"?>
<project-private xmlns="http://www.netbeans.org/ns/project-private/1">
    <editor-bookmarks xmlns="http://www.netbeans.org/ns/editor-bookmarks/2" lastBookmarkId="0"/>
    <open-files xmlns="http://www.netbeans.org/ns/projectui-open-files/2">
        <group>
            <file>file:/D:/haonshe176595_FPT/Fall2023/PRJ301/PE3/PE3.2/web/add.jsp</file>
            <file>file:/D:/haonshe176595_FPT/Fall2023/PRJ301/PE3/PE3.2/src/java/controller/AddServlet.java</file>
        </group>
    </open-files>
</project-private>
